Label,CentralAcc
0,58.7117605662955
1,46.4237516869096
2,47.4429854872149
3,8.11232449297972
4,95.8482351111802
