Label,Count,Found,MeanLoc,StdLoc
0,72471,72471,75.3811041658043,38.3000426905576
1,2223,2223,58.1983805668016,44.245314397811
2,5788,5788,70.3507256392536,44.088738193388
3,641,641,51.811232449298,28.7277674669464
4,6431,6431,99.6319390452496,14.1231519647127
